-3.807539838600615,-140.0,1.046
-2.5591001354458953,-139.9,1.046
-4.015037696553428,-139.8,1.046
-2.3599383584402887,-139.70000000000002,1.046
-3.4698418997985847,-139.60000000000002,1.046
-3.7447255888467303,-139.50000000000003,1.046
-3.7447255888467303,-139.40000000000003,1.046
-2.4774905637560742,-139.30000000000004,1.046
-2.4071966558459543,-139.20000000000005,1.046
-3.5874818821901826,-139.10000000000005,1.046
-3.3866681253461515,-139.00000000000006,1.046
-2.015142487592154,-138.90000000000006,1.047
-2.0151424875921506,-138.80000000000007,1.047
-2.3122864702445725,-138.70000000000007,1.047
-2.16827309785387,-138.60000000000008,1.047
-2.3355898374433863,-138.50000000000009,1.047
-2.373461803067272,-138.4000000000001,1.047
-2.613502561957695,-138.3000000000001,1.047
-2.3348069483329574,-138.2000000000001,1.047
-3.2127786902718967,-138.1000000000001,1.047
-1.987633269257465,-138.0000000000001,1.047
-2.731644214100548,-137.90000000000012,1.047
-2.5332124255890776,-137.80000000000013,1.047
-2.523027309019202,-137.70000000000013,1.047
-1.881024044606832,-137.60000000000014,1.047
-2.312375366588629,-137.50000000000014,1.047
-2.4303640314430446,-137.40000000000015,1.047
-1.8328687021231858,-137.30000000000015,1.047
-1.966280903774944,-137.20000000000016,1.047
-2.1096524784850885,-137.10000000000016,1.047
-2.109652478485085,-137.00000000000017,1.047
-2.7296891783303607,-136.90000000000018,1.047
-2.109146505673074,-136.80000000000018,1.047
-2.7526654561379864,-136.7000000000002,1.047
-2.7526654561379864,-136.6000000000002,1.047
-1.659155707405052,-136.5000000000002,1.047
-2.031420953442609,-136.4000000000002,1.047
-1.5612319489662774,-136.3000000000002,1.047
-1.028049356499416,-136.20000000000022,1.048
-1.2240827011254147,-136.10000000000022,1.048
-1.2240827011254147,-136.00000000000023,1.048
-1.5348860098759545,-135.90000000000023,1.048
-1.3772504081088321,-135.80000000000024,1.048
-1.586773956650859,-135.70000000000024,1.048
-0.883314181583895,-135.60000000000025,1.048
-1.598185806320494,-135.50000000000026,1.048
-1.3667798359111138,-135.40000000000026,1.048
-1.4886364959833642,-135.30000000000027,1.048
-1.6238756617425238,-135.20000000000027,1.048
-0.3241228137751939,-135.10000000000028,1.048
-0.49080215466027255,-135.00000000000028,1.048
-0.2102123650065586,-134.9000000000003,1.048
-0.4542253323841692,-134.8000000000003,1.048
-0.15330156546826856,-134.7000000000003,1.048
-0.153301565468265,-134.6000000000003,1.048
-0.3836034831976143,-134.5000000000003,1.048
-1.5553174746195566,-134.40000000000032,1.048
-1.000359899729137,-134.30000000000032,1.048
-0.7664820777797416,-134.20000000000033,1.048
-1.4625478481463396,-134.10000000000034,1.048
-0.010272765117679938,-134.00000000000034,1.048
-1.1604829070287828,-133.90000000000035,1.048
0.03722774011777119,-133.80000000000035,1.048
0.2740084019629343,-133.70000000000036,1.049
0.27102565604792517,-133.60000000000036,1.049
0.42856362689721905,-133.50000000000037,1.049
0.346353521722758,-133.40000000000038,1.049
-0.6467343814185007,-133.30000000000038,1.049
-0.6467343814184972,-133.2000000000004,1.049
-0.23014839802859655,-133.1000000000004,1.049
-0.06552530584695049,-133.0000000000004,1.049
-0.06552530584695049,-132.9000000000004,1.049
-0.14556359166011035,-132.8000000000004,1.049
0.5802906422257443,-132.70000000000041,1.049
0.6948992818810211,-132.60000000000042,1.049
-0.4696725055534259,-132.50000000000043,1.049
1.0337820737624277,-132.40000000000043,1.049
0.5731288187783221,-132.30000000000044,1.049
0.4708440679735091,-132.20000000000044,1.049
0.4708440679735091,-132.10000000000045,1.049
0.8441941807684898,-132.00000000000045,1.049
0.18220169076391457,-131.90000000000046,1.049
1.062482563127702,-131.80000000000047,1.049
0.7851523417236415,-131.70000000000047,1.049
0.25746004388467725,-131.60000000000048,1.049
1.1213726645075361,-131.50000000000048,1.049
1.392446591346772,-131.4000000000005,1.049
0.22559170761968872,-131.3000000000005,1.049
0.21338725625121313,-131.2000000000005,1.049
1.8608999064146836,-131.1000000000005,1.05
1.3080465492030342,-131.0000000000005,1.05
1.093194306689842,-130.90000000000052,1.05
1.093194306689842,-130.80000000000052,1.05
1.093194306689842,-130.70000000000053,1.05
1.2134558188815916,-130.60000000000053,1.05
1.3110739203084165,-130.50000000000054,1.05
1.7831080296871349,-130.40000000000055,1.05
1.4200229906524626,-130.30000000000055,1.05
1.4200229906524626,-130.20000000000056,1.05
1.740855088084789,-130.10000000000056,1.05
1.740855088084789,-130.00000000000057,1.05
2.05779321641014,-129.90000000000057,1.05
2.5947547253375376,-129.80000000000058,1.05
1.5759429233686006,-129.70000000000059,1.05
1.5948105269714894,-129.6000000000006,1.05
0.9236887599381909,-129.5000000000006,1.05
0.9236887599381909,-129.4000000000006,1.05
1.9185109666765534,-129.3000000000006,1.05
2.4102633666917654,-129.2000000000006,1.05
2.204862903076801,-129.10000000000062,1.05
2.0630112630137027,-129.00000000000063,1.05
2.378057250963643,-128.90000000000063,1.05
1.6120461716839216,-128.80000000000064,1.05
3.068744428749639,-128.70000000000064,1.05
3.2728091019142553,-128.60000000000065,1.051
3.008612646988336,-128.50000000000065,1.051
3.008612646988336,-128.40000000000066,1.051
3.501295424794421,-128.30000000000067,1.051
3.403933743944787,-128.20000000000067,1.051
3.349207502929758,-128.10000000000068,1.051
2.924370791270224,-128.00000000000068,1.051
3.0048180147768164,-127.90000000000069,1.051
3.2715053727188455,-127.8000000000007,1.051
3.5399608366133073,-127.7000000000007,1.051
2.7830496943185103,-127.6000000000007,1.051
2.510750588674025,-127.50000000000071,1.051
4.068578169258913,-127.40000000000072,1.051
3.327539283975625,-127.30000000000072,1.051
4.128662678371427,-127.20000000000073,1.051
3.4637877948825633,-127.10000000000073,1.051
3.4637877948825633,-127.00000000000074,1.051
2.972106150970504,-126.90000000000074,1.051
3.716284905883043,-126.80000000000075,1.051
3.0231483195147604,-126.70000000000076,1.051
3.357545934408062,-126.60000000000076,1.051
3.557910678230691,-126.50000000000077,1.051
3.385979784334019,-126.40000000000077,1.051
3.385979784334019,-126.30000000000078,1.051
3.7163546456469376,-126.20000000000078,1.051
3.74312441465786,-126.10000000000079,1.051
4.983410449369188,-126.0000000000008,1.052
5.089230658482393,-125.9000000000008,1.052
5.089230658482393,-125.80000000000081,1.052
4.222949338201918,-125.70000000000081,1.052
4.2267498738194575,-125.60000000000082,1.052
3.9628991139143537,-125.50000000000082,1.052
4.113337951961306,-125.40000000000083,1.052
4.113343387344408,-125.30000000000084,1.052
5.164889493209838,-125.20000000000084,1.052
4.216385796346838,-125.10000000000085,1.052
5.28282651052108,-125.00000000000085,1.052
5.131274584200803,-124.90000000000086,1.052
4.565669574343502,-124.80000000000086,1.052
4.584017202626427,-124.70000000000087,1.052
4.188383729407146,-124.60000000000088,1.052
6.0990755571512665,-124.50000000000088,1.052
5.436907753494879,-124.40000000000089,1.052
6.070717870561992,-124.30000000000089,1.052
5.541154847157145,-124.2000000000009,1.052
4.845587128103659,-124.1000000000009,1.052
6.700364912661701,-124.00000000000091,1.052
5.576885082824827,-123.90000000000092,1.052
5.518261529637691,-123.80000000000092,1.052
5.496914968264818,-123.70000000000093,1.052
6.679119569481323,-123.60000000000093,1.052
6.679119569481323,-123.50000000000094,1.052
7.100155409470549,-123.40000000000094,1.053
7.043460640169634,-123.30000000000095,1.053
7.0406985533054645,-123.20000000000095,1.053
7.03533401914493,-123.10000000000096,1.053
6.718621388198169,-123.00000000000097,1.053
6.611935139641403,-122.90000000000097,1.053
6.4739563444316595,-122.80000000000098,1.053
6.711851690059099,-122.70000000000098,1.053
6.3958105395384806,-122.60000000000099,1.053
6.120078597894125,-122.500000000001,1.053
5.792903838329629,-122.400000000001,1.053
7.010987138822109,-122.300000000001,1.053
8.035885150138455,-122.20000000000101,1.053
7.720709312276135,-122.10000000000102,1.053
7.048048314412846,-122.00000000000102,1.053
7.554757356260538,-121.90000000000103,1.053
7.865822220634868,-121.80000000000103,1.053
7.1988981747230305,-121.70000000000104,1.053
7.925876438929304,-121.60000000000105,1.053
6.914790744759731,-121.50000000000105,1.053
6.53169843830516,-121.40000000000106,1.053
8.23816444958237,-121.30000000000106,1.053
8.305720663332451,-121.20000000000107,1.053
8.832843536014252,-121.10000000000107,1.053
8.257189383075701,-121.00000000000108,1.053
8.416249626952297,-120.90000000000109,1.053
7.65126670381791,-120.80000000000109,1.053
7.675839927022249,-120.7000000000011,1.053
9.494398772785932,-120.6000000000011,1.054
9.494398772785932,-120.50000000000111,1.054
9.489029645346388,-120.40000000000111,1.054
9.187284817304576,-120.30000000000112,1.054
8.609350989861436,-120.20000000000113,1.054
7.919785537323506,-120.10000000000113,1.054
9.974282480047618,-120.00000000000114,1.054
7.801776366622768,-119.90000000000114,1.054
8.51303778133542,-119.80000000000115,1.054
9.902100219578731,-119.70000000000115,1.054
9.277669739330294,-119.60000000000116,1.054
9.860255673931476,-119.50000000000117,1.054
8.611377659718187,-119.40000000000117,1.054
9.89455510015924,-119.30000000000118,1.054
9.747209393123889,-119.20000000000118,1.054
9.118631798422976,-119.10000000000119,1.054
9.35120996729694,-119.0000000000012,1.054
8.90545995633381,-118.9000000000012,1.054
9.821705240377375,-118.8000000000012,1.054
10.78009560147214,-118.70000000000121,1.054
9.235601913608644,-118.60000000000122,1.054
9.222978299210684,-118.50000000000122,1.054
9.393580088874737,-118.40000000000123,1.054
9.176970803722927,-118.30000000000123,1.054
10.882952260557367,-118.20000000000124,1.054
9.380356194929723,-118.10000000000124,1.054
10.055558825970706,-118.00000000000125,1.054
9.694918294111416,-117.90000000000126,1.054
10.923030668449544,-117.80000000000126,1.054
9.898770723489752,-117.70000000000127,1.054
11.261492998020598,-117.60000000000127,1.054
12.362191225706015,-117.50000000000128,1.055
12.352971078100893,-117.40000000000128,1.055
11.853195862630754,-117.30000000000129,1.055
11.839957595198701,-117.2000000000013,1.055
11.068097206107987,-117.1000000000013,1.055
11.817286853667376,-117.00000000000131,1.055
11.563177804451358,-116.90000000000131,1.055
11.837242825701704,-116.80000000000132,1.055
11.401834282300031,-116.70000000000132,1.055
11.012565637391015,-116.60000000000133,1.055
12.693985822111916,-116.50000000000134,1.055
11.606961275842766,-116.40000000000134,1.055
11.246955697151781,-116.30000000000135,1.055
11.543907299076796,-116.20000000000135,1.055
11.470237011021364,-116.10000000000136,1.055
13.302330197783894,-116.00000000000136,1.055
13.172812050722747,-115.90000000000137,1.055
14.103788463562504,-115.80000000000138,1.055
11.740276561665292,-115.70000000000138,1.055
13.735171647286153,-115.60000000000139,1.055
13.735171647286153,-115.50000000000139,1.055
13.887801317703827,-115.4000000000014,1.055
13.567116735245495,-115.3000000000014,1.055
13.757715084089595,-115.20000000000141,1.055
13.336121712527442,-115.10000000000142,1.055
13.336121712527442,-115.00000000000142,1.055
13.336121712527442,-114.90000000000143,1.055
13.83093606429741,-114.80000000000143,1.055
13.008915310609986,-114.70000000000144,1.055
13.06287531518021,-114.60000000000144,1.055
13.796905186405219,-114.50000000000145,1.055
15.044702057293053,-114.40000000000146,1.055
13.173202348465948,-114.30000000000146,1.055
15.32888976167486,-114.20000000000147,1.055
15.02441043240922,-114.10000000000147,1.055
14.85014269903278,-114.00000000000148,1.055
14.491746967441555,-113.90000000000148,1.055
13.883357906995757,-113.80000000000149,1.055
16.046386902772355,-113.7000000000015,1.056
15.646685276554704,-113.6000000000015,1.056
15.646685276554704,-113.5000000000015,1.056
16.353808357943947,-113.40000000000151,1.056
15.118616293534872,-113.30000000000152,1.056
15.724940914559522,-113.20000000000152,1.056
15.724940914559522,-113.10000000000153,1.056
16.018519023138495,-113.00000000000153,1.056
15.877994170904607,-112.90000000000154,1.056
14.748289897120275,-112.80000000000155,1.056
16.37464769567754,-112.70000000000155,1.056
16.528618566854178,-112.60000000000156,1.056
17.33962025298835,-112.50000000000156,1.056
15.4551046760117,-112.40000000000157,1.056
16.08339535421203,-112.30000000000157,1.056
16.34978996513931,-112.20000000000158,1.056
17.289962037693357,-112.10000000000159,1.056
15.774348051888287,-112.00000000000159,1.056
16.7434124358208,-111.9000000000016,1.056
15.981497499714102,-111.8000000000016,1.056
18.108996110473893,-111.70000000000161,1.056
18.108996110473893,-111.60000000000161,1.056
18.366750957513727,-111.50000000000162,1.056
17.759516119865612,-111.40000000000163,1.056
17.759516119865612,-111.30000000000163,1.056
17.10043577929532,-111.20000000000164,1.056
17.854135589983038,-111.10000000000164,1.056
17.854135589983038,-111.00000000000165,1.056
17.317502762638604,-110.90000000000165,1.056
18.011073262246803,-110.80000000000166,1.056
16.89518633003601,-110.70000000000167,1.056
18.070567122324775,-110.60000000000167,1.056
19.46973163324574,-110.50000000000168,1.056
19.24003560829679,-110.40000000000168,1.056
18.39396265975006,-110.30000000000169,1.056
18.24421089529656,-110.2000000000017,1.056
18.813818067807357,-110.1000000000017,1.056
19.97944842246711,-110.0000000000017,1.056
18.81896319479467,-109.90000000000171,1.056
18.885091798037955,-109.80000000000172,1.056
20.613844997513127,-109.70000000000172,1.056
20.566339887025954,-109.60000000000173,1.056
19.358651610128966,-109.50000000000173,1.056
20.423513884454575,-109.40000000000174,1.056
20.423513884454575,-109.30000000000175,1.056
19.335598429989442,-109.20000000000175,1.056
19.335598429989442,-109.10000000000176,1.056
21.0723847173429,-109.00000000000176,1.056
20.871942300321482,-108.90000000000177,1.056
19.57628847772234,-108.80000000000177,1.056
19.57628847772234,-108.70000000000178,1.056
19.23760707030111,-108.60000000000178,1.056
19.23760707030111,-108.50000000000179,1.056
21.359970417426176,-108.4000000000018,1.056
21.03129554485621,-108.3000000000018,1.056
19.998146204636498,-108.20000000000181,1.056
20.71260801715283,-108.10000000000181,1.056
19.802511265653642,-108.00000000000182,1.056
22.16911183100765,-107.90000000000182,1.056
21.936163366805673,-107.80000000000183,1.056
22.25137946181399,-107.70000000000184,1.056
20.917156904843328,-107.60000000000184,1.056
22.983812948045525,-107.50000000000185,1.056
23.010893903821195,-107.40000000000185,1.056
20.72162505577144,-107.30000000000186,1.057
20.72162505577144,-107.20000000000186,1.057
21.169669556125402,-107.10000000000187,1.057
21.169669556125402,-107.00000000000188,1.057
21.287776878389213,-106.90000000000188,1.057
21.835634896991266,-106.80000000000189,1.057
21.790585321011708,-106.70000000000189,1.057
21.9764463620077,-106.6000000000019,1.057
22.36313908013336,-106.5000000000019,1.057
22.36313908013336,-106.40000000000191,1.057
22.36313908013336,-106.30000000000192,1.057
22.573655673740493,-106.20000000000192,1.057
22.498582534867335,-106.10000000000193,1.057
22.498582534867335,-106.00000000000193,1.057
22.050208775269997,-105.90000000000194,1.057
24.065428179562286,-105.80000000000194,1.057
23.344925094258457,-105.70000000000195,1.057
24.347749330821664,-105.60000000000196,1.057
24.26238642358056,-105.50000000000196,1.057
24.26238642358056,-105.40000000000197,1.057
24.097414236992076,-105.30000000000197,1.057
23.439028626591327,-105.20000000000198,1.057
24.40887909193156,-105.10000000000198,1.057
23.31304178591602,-105.00000000000199,1.057
23.896059045606577,-104.900000000002,1.057
24.890267853271197,-104.800000000002,1.057
24.890267853271197,-104.700000000002,1.057
23.67513930701379,-104.60000000000201,1.057
25.021095132847822,-104.50000000000202,1.057
25.419466818480377,-104.40000000000202,1.057
25.291485586109975,-104.30000000000203,1.057
25.291485586109975,-104.20000000000203,1.057
25.38172400132535,-104.10000000000204,1.057
24.422831112425367,-104.00000000000205,1.057
24.422831112425367,-103.90000000000205,1.057
24.422831112425367,-103.80000000000206,1.057
24.422831112425367,-103.70000000000206,1.057
25.549193473762358,-103.60000000000207,1.057
26.17806615545907,-103.50000000000207,1.057
26.17806615545907,-103.40000000000208,1.057
25.87534549231069,-103.30000000000209,1.057
25.87534549231069,-103.20000000000209,1.057
26.245106707959152,-103.1000000000021,1.057
26.245106707959152,-103.0000000000021,1.057
25.80010121216012,-102.90000000000211,1.057
25.40816510865171,-102.80000000000211,1.057
26.241374475407262,-102.70000000000212,1.057
26.137399185084554,-102.60000000000213,1.057
26.640424753402446,-102.50000000000213,1.057
26.640424753402446,-102.40000000000214,1.057
26.079428773817245,-102.30000000000214,1.057
26.74464829513512,-102.20000000000215,1.057
26.33926648370518,-102.10000000000215,1.057
26.33926648370518,-102.00000000000216,1.057
26.43826930981263,-101.90000000000217,1.057
26.43826930981263,-101.80000000000217,1.057
27.04473363193662,-101.70000000000218,1.057
26.930790667356955,-101.60000000000218,1.057
27.015775266815474,-101.50000000000219,1.057
27.015775266815474,-101.4000000000022,1.057
27.312799944568685,-101.3000000000022,1.057
27.316884920302787,-101.2000000000022,1.057
27.363782403008205,-101.10000000000221,1.057
27.363782403008205,-101.00000000000222,1.057
27.221597804100334,-100.90000000000222,1.057
28.4677191665551,-100.80000000000223,1.056
28.59314138009889,-100.70000000000223,1.056
27.52100352341842,-100.60000000000224,1.057
27.935264105476804,-100.50000000000225,1.056
28.20985227256883,-100.40000000000225,1.056
28.20985227256883,-100.30000000000226,1.056
28.25424910672363,-100.20000000000226,1.056
29.924579638174578,-100.10000000000227,1.056
29.16516592727599,-100.00000000000227,1.056
29.502529630654788,-99.90000000000228,1.056
28.952742944788668,-99.80000000000229,1.056
29.53268471410518,-99.70000000000229,1.056
29.53268471410518,-99.6000000000023,1.056
30.518076867241547,-99.5000000000023,1.056
30.192310917637748,-99.40000000000231,1.056
30.808067577206764,-99.30000000000231,1.056
29.71758397054738,-99.20000000000232,1.056
29.44124589405463,-99.10000000000232,1.056
29.424910643507154,-99.00000000000233,1.056
31.042420099432682,-98.90000000000234,1.056
30.539271838356235,-98.80000000000234,1.056
30.92486352175535,-98.70000000000235,1.056
29.951539435166758,-98.60000000000235,1.056
31.434222677662586,-98.50000000000236,1.056
31.906898050297833,-98.40000000000236,1.056
31.392143684813277,-98.30000000000237,1.056
31.243177098079187,-98.20000000000238,1.056
32.25215649400576,-98.10000000000238,1.056
32.11064940344835,-98.00000000000239,1.056
31.10403426170228,-97.9000000000024,1.056
30.500054918804437,-97.8000000000024,1.056
30.808137447034373,-97.7000000000024,1.056
32.40602147558048,-97.60000000000241,1.056
32.40602147558048,-97.50000000000242,1.056
30.836415071382028,-97.40000000000242,1.056
30.82781514307898,-97.30000000000243,1.056
31.433988515223092,-97.20000000000243,1.056
31.13073906295112,-97.10000000000244,1.056
31.657427817011666,-97.00000000000244,1.056
31.40846050916513,-96.90000000000245,1.056
31.624373794220542,-96.80000000000246,1.056
32.295426110153215,-96.70000000000246,1.056
32.8431191838919,-96.60000000000247,1.056
32.07339254133867,-96.50000000000247,1.056
32.19513934918169,-96.40000000000248,1.056
32.37473128627155,-96.30000000000248,1.056
32.21429457576923,-96.20000000000249,1.056
33.10899223496773,-96.1000000000025,1.056
31.827110119318547,-96.0000000000025,1.056
32.1000948702849,-95.9000000000025,1.056
32.04145561331005,-95.80000000000251,1.056
33.365988687289416,-95.70000000000252,1.056
33.379121303499815,-95.60000000000252,1.056
33.268586046806135,-95.50000000000253,1.056
33.22016178581804,-95.40000000000254,1.056
33.86407312923873,-95.30000000000254,1.056
33.86407312923873,-95.20000000000255,1.056
33.86407312923873,-95.10000000000255,1.056
33.86407312923873,-95.00000000000256,1.056
33.86407312923873,-94.90000000000256,1.056
32.76494253156135,-94.80000000000257,1.056
32.75873429676559,-94.70000000000258,1.056
33.71819957805234,-94.60000000000258,1.056
33.71819957805234,-94.50000000000259,1.056
33.35167096777326,-94.40000000000259,1.056
33.35167096777326,-94.3000000000026,1.056
33.63922357114399,-94.2000000000026,1.056
33.63922357114399,-94.10000000000261,1.056
33.35915951284143,-94.00000000000261,1.056
33.49862376727158,-93.90000000000262,1.056
33.57647403653671,-93.80000000000263,1.056
33.69730001883097,-93.70000000000263,1.056
33.6367675591622,-93.60000000000264,1.056
33.67435375581969,-93.50000000000264,1.056
34.60812479976818,-93.40000000000265,1.055
35.00295422128343,-93.30000000000265,1.055
35.21293272340331,-93.20000000000266,1.055
35.97248960290785,-93.10000000000267,1.055
35.362735470195545,-93.00000000000267,1.055
35.362735470195545,-92.90000000000268,1.055
35.362735470195545,-92.80000000000268,1.055
35.45408083715615,-92.70000000000269,1.055
35.544736169778005,-92.6000000000027,1.055
35.03667653165997,-92.5000000000027,1.055
36.43832026033033,-92.4000000000027,1.055
36.233579981411594,-92.30000000000271,1.055
35.696878975862454,-92.20000000000272,1.055
35.504949395810414,-92.10000000000272,1.055
35.9810912649441,-92.00000000000273,1.055
36.7491792313141,-91.90000000000273,1.055
36.317476990398504,-91.80000000000274,1.055
35.67941973221727,-91.70000000000275,1.055
37.10601380425076,-91.60000000000275,1.055
36.68237443579156,-91.50000000000276,1.055
36.45709720075169,-91.40000000000276,1.055
35.393210365367615,-91.30000000000277,1.055
37.07149313454449,-91.20000000000277,1.055
36.13936758962397,-91.10000000000278,1.055
36.499044891034146,-91.00000000000279,1.055
36.21998621081636,-90.90000000000279,1.055
36.21998621081636,-90.8000000000028,1.055
36.817291996250994,-90.7000000000028,1.055
35.91122915001306,-90.60000000000281,1.055
37.88358778429254,-90.50000000000281,1.055
37.51090170223079,-90.40000000000282,1.055
37.414298431284955,-90.30000000000283,1.055
36.79509968000039,-90.20000000000283,1.055
38.018274315769986,-90.10000000000284,1.055
37.79011544723788,-90.00000000000284,1.055
37.12852452271716,-89.90000000000285,1.055
37.12852452271716,-89.80000000000285,1.055
36.84410119019089,-89.70000000000286,1.055
36.67817376691434,-89.60000000000286,1.055
37.7355590430484,-89.50000000000287,1.055
36.85873971420395,-89.40000000000288,1.055
36.840090845995405,-89.30000000000288,1.055
36.65757194823157,-89.20000000000289,1.055
37.50519781334667,-89.1000000000029,1.055
37.250970755557745,-89.0000000000029,1.055
37.32675255507351,-88.9000000000029,1.055
37.279570533468906,-88.80000000000291,1.055
37.279570533468906,-88.70000000000292,1.055
37.24870585499167,-88.60000000000292,1.055
37.966225585649305,-88.50000000000293,1.054
37.48375893421729,-88.40000000000293,1.054
38.19737780064628,-88.30000000000294,1.054
37.553230883683774,-88.20000000000294,1.054
39.27268655772741,-88.10000000000295,1.054
39.08158950290443,-88.00000000000296,1.054
38.976357776405145,-87.90000000000296,1.054
39.15326325722129,-87.80000000000297,1.054
37.71332005194801,-87.70000000000297,1.054
38.635341355333715,-87.60000000000298,1.054
38.55903404917056,-87.50000000000298,1.054
38.240540634516385,-87.40000000000299,1.054
39.6289339005892,-87.300000000003,1.054
39.784062714014915,-87.200000000003,1.054
39.72818647719725,-87.100000000003,1.054
39.00146399420949,-87.00000000000301,1.054
38.33255333722247,-86.90000000000302,1.054
39.68973416274849,-86.80000000000302,1.054
38.69911116898887,-86.70000000000303,1.054
38.69911116898887,-86.60000000000304,1.054
38.97811457731578,-86.50000000000304,1.054
38.97811457731578,-86.40000000000305,1.054
38.777174725306594,-86.30000000000305,1.054
39.43596693600824,-86.20000000000306,1.054
39.70001152946696,-86.10000000000306,1.054
39.6026146907527,-86.00000000000307,1.054
39.79239700630011,-85.90000000000308,1.054
39.64626428765241,-85.80000000000308,1.054
39.40590830662907,-85.70000000000309,1.054
39.19096671481648,-85.60000000000309,1.054
39.054797197312574,-85.5000000000031,1.054
39.16455067954318,-85.4000000000031,1.054
39.362329189375004,-85.30000000000311,1.054
40.12854006364394,-85.20000000000312,1.054
39.908053192219974,-85.10000000000312,1.054
40.39480437581996,-85.00000000000313,1.054
39.42281854224896,-84.90000000000313,1.054
39.42281854224896,-84.80000000000314,1.054
39.501014829644106,-84.70000000000314,1.054
39.60655717296548,-84.60000000000315,1.054
39.60655717296548,-84.50000000000315,1.054
39.60655717296548,-84.40000000000316,1.054
39.60655717296548,-84.30000000000317,1.054
39.60655717296548,-84.20000000000317,1.054
39.61829727181588,-84.10000000000318,1.054
39.61829727181588,-84.00000000000318,1.054
40.26183948823178,-83.90000000000319,1.053
41.272543237457924,-83.8000000000032,1.053
40.83949113199597,-83.7000000000032,1.053
40.44469035429617,-83.6000000000032,1.053
40.25890280633186,-83.50000000000321,1.053
41.02972239070057,-83.40000000000322,1.053
41.17200294149558,-83.30000000000322,1.053
41.58708869182131,-83.20000000000323,1.053
41.94557165784546,-83.10000000000323,1.053
41.764681131851674,-83.00000000000324,1.053
41.66609849870315,-82.90000000000325,1.053
40.821959307421494,-82.80000000000325,1.053
40.67448112895141,-82.70000000000326,1.053
40.67448112895141,-82.60000000000326,1.053
40.412299286756856,-82.50000000000327,1.053
40.90208505709292,-82.40000000000327,1.053
41.57054868870869,-82.30000000000328,1.053
41.31936777145319,-82.20000000000329,1.053
41.406950327134695,-82.10000000000329,1.053
41.770652159699964,-82.0000000000033,1.053
41.99596394727057,-81.9000000000033,1.053
42.36344876877222,-81.80000000000331,1.053
42.33481693940138,-81.70000000000331,1.053
40.806209423363335,-81.60000000000332,1.053
41.15044389898925,-81.50000000000333,1.053
41.617154307159666,-81.40000000000333,1.053
41.902852254649844,-81.30000000000334,1.053
41.902852254649844,-81.20000000000334,1.053
41.747117010323834,-81.10000000000335,1.053
41.65461628091492,-81.00000000000335,1.053
41.65461628091492,-80.90000000000336,1.053
42.225246238628074,-80.80000000000337,1.053
41.24264384034753,-80.70000000000337,1.053
42.4094839785584,-80.60000000000338,1.053
41.48012897922575,-80.50000000000338,1.053
41.48012897922575,-80.40000000000339,1.053
41.54117866819115,-80.3000000000034,1.053
41.80088343236076,-80.2000000000034,1.053
41.7677893664888,-80.1000000000034,1.053
41.666288380889796,-80.00000000000341,1.053
41.65659884695503,-79.90000000000342,1.053
41.63146326363044,-79.80000000000342,1.053
42.42414485064279,-79.70000000000343,1.052
42.658988896588866,-79.60000000000343,1.052
43.19481275215461,-79.50000000000344,1.052
43.37386395115069,-79.40000000000344,1.052
42.688156627431454,-79.30000000000345,1.052
42.614266726415245,-79.20000000000346,1.052
43.33597854072519,-79.10000000000346,1.052
43.61515025286097,-79.00000000000347,1.052
43.67855604723425,-78.90000000000347,1.052
42.187002745528844,-78.80000000000348,1.052
42.05681161613964,-78.70000000000348,1.052
42.24008828875962,-78.60000000000349,1.052
42.97625544869307,-78.5000000000035,1.052
43.13644196032122,-78.4000000000035,1.052
43.01765126409792,-78.30000000000351,1.052
43.908916119464024,-78.20000000000351,1.052
43.99591369610336,-78.10000000000352,1.052
43.542427627649474,-78.00000000000352,1.052
42.64769749228137,-77.90000000000353,1.052
42.67343340402347,-77.80000000000354,1.052
43.23308447794665,-77.70000000000354,1.052
43.79861480133836,-77.60000000000355,1.052
43.14776623968366,-77.50000000000355,1.052
42.74338276453441,-77.40000000000356,1.052
43.12227688088342,-77.30000000000356,1.052
42.77015707058542,-77.20000000000357,1.052
44.09215999131057,-77.10000000000358,1.052
42.753418705896394,-77.00000000000358,1.052
42.753418705896394,-76.90000000000359,1.052
44.054869253719446,-76.80000000000359,1.052
43.387370341318736,-76.7000000000036,1.052
42.89964299957245,-76.6000000000036,1.052
42.912701464807895,-76.50000000000361,1.052
43.25954404367902,-76.40000000000362,1.052
43.98421220330883,-76.30000000000362,1.052
43.90287110209472,-76.20000000000363,1.052
43.48981965013898,-76.10000000000363,1.052
43.64633888442993,-76.00000000000364,1.052
43.44818518285721,-75.90000000000364,1.052
43.56031860404201,-75.80000000000365,1.052
43.33470411719159,-75.70000000000366,1.052
43.19274256322786,-75.60000000000366,1.052
43.221937750126386,-75.50000000000367,1.052
43.921013395246135,-75.40000000000367,1.051
44.276759839540475,-75.30000000000368,1.051
44.23485670373814,-75.20000000000368,1.051
43.548313144755944,-75.10000000000369,1.051
45.116058584192544,-75.0000000000037,1.051
44.235706615434275,-74.9000000000037,1.051
43.854645460620304,-74.8000000000037,1.051
43.8546454606203,-74.70000000000371,1.051
43.62890590800321,-74.60000000000372,1.051
45.03878454951257,-74.50000000000372,1.051
44.7576656936898,-74.40000000000373,1.051
44.664631464517306,-74.30000000000373,1.051
44.77045562978859,-74.20000000000374,1.051
44.77045562978859,-74.10000000000375,1.051
44.18035792474293,-74.00000000000375,1.051
44.615202482115166,-73.90000000000376,1.051
44.767433253534634,-73.80000000000376,1.051
43.859574079541545,-73.70000000000377,1.051
45.19548775028767,-73.60000000000377,1.051
44.298386711120855,-73.50000000000378,1.051
44.592339695218996,-73.40000000000379,1.051
45.21639488749069,-73.30000000000379,1.051
45.21639488749069,-73.2000000000038,1.051
45.267688496190004,-73.1000000000038,1.051
44.985174932595356,-73.00000000000381,1.051
44.11121078136256,-72.90000000000381,1.051
45.490251878506356,-72.80000000000382,1.051
45.77725827644652,-72.70000000000383,1.051
45.25631686586746,-72.60000000000383,1.051
45.38406122921259,-72.50000000000384,1.051
44.586348299683934,-72.40000000000384,1.051
44.44029294606959,-72.30000000000385,1.051
45.14290134177958,-72.20000000000385,1.051
45.14290134177958,-72.10000000000386,1.051
45.234747237012115,-72.00000000000387,1.051
44.74393493159489,-71.90000000000387,1.051
44.76353901612259,-71.80000000000388,1.051
45.07173239782588,-71.70000000000388,1.051
44.69128203388211,-71.60000000000389,1.051
44.69128203388211,-71.5000000000039,1.051
44.57012282376309,-71.4000000000039,1.051
44.57012282376309,-71.3000000000039,1.051
45.01187962752116,-71.20000000000391,1.05
45.080479519830135,-71.10000000000392,1.05
45.32590277594904,-71.00000000000392,1.05
45.86977992516542,-70.90000000000393,1.05
45.81447021351979,-70.80000000000393,1.05
45.31868896427994,-70.70000000000394,1.05
45.28822389940953,-70.60000000000394,1.05
45.532701981572885,-70.50000000000395,1.05
45.842053033048884,-70.40000000000396,1.05
45.52449587062708,-70.30000000000396,1.05
45.23753459363284,-70.20000000000397,1.05
45.74470847622476,-70.10000000000397,1.05
45.74470847622476,-70.00000000000398,1.05
45.50353614172029,-69.90000000000398,1.05
46.270365384632505,-69.80000000000399,1.05
46.57455500490214,-69.700000000004,1.05
45.53232502410947,-69.600000000004,1.05
45.54555086464022,-69.50000000000401,1.05
45.26149572282506,-69.40000000000401,1.05
45.21991709602014,-69.30000000000402,1.05
45.60534947662012,-69.20000000000402,1.05
46.473968220214914,-69.10000000000403,1.05
46.13385857729432,-69.00000000000404,1.05
45.216582151647046,-68.90000000000404,1.05
46.08582441109502,-68.80000000000405,1.05
46.14445905999024,-68.70000000000405,1.05
46.14445905999024,-68.60000000000406,1.05
46.7733668762977,-68.50000000000406,1.05
45.36013182373894,-68.40000000000407,1.05
45.9544508900872,-68.30000000000408,1.05
46.487171843225774,-68.20000000000408,1.05
45.98631954733885,-68.10000000000409,1.05
46.01647738742746,-68.00000000000409,1.05
46.42483705916523,-67.9000000000041,1.05
46.42483705916523,-67.8000000000041,1.05
46.42483705916523,-67.70000000000411,1.05
46.39700965631818,-67.60000000000412,1.05
46.208907405668285,-67.50000000000412,1.05
45.898512556634834,-67.40000000000413,1.05
45.898512556634834,-67.30000000000413,1.05
45.81504001642034,-67.20000000000414,1.05
45.690118760338564,-67.10000000000414,1.05
45.71145308601375,-67.00000000000415,1.049
45.83476157506652,-66.90000000000416,1.049
47.07110799911136,-66.80000000000416,1.049
47.01744093354101,-66.70000000000417,1.049
46.46268237485776,-66.60000000000417,1.049
46.46268237485776,-66.50000000000418,1.049
46.131854461347814,-66.40000000000418,1.049
46.12918437357101,-66.30000000000419,1.049
46.21416023468265,-66.2000000000042,1.049
45.92364836127393,-66.1000000000042,1.049
46.07386030932766,-66.0000000000042,1.049
46.674731126658514,-65.90000000000421,1.049
46.72047336453683,-65.80000000000422,1.049
45.989923274539805,-65.70000000000422,1.049
46.11225834406393,-65.60000000000423,1.049
46.11225834406393,-65.50000000000423,1.049
46.890852574410815,-65.40000000000424,1.049
47.130763843722804,-65.30000000000425,1.049
46.87976447852098,-65.20000000000425,1.049
46.427150012748704,-65.10000000000426,1.049
46.85962786932405,-65.00000000000426,1.049
46.55951935407965,-64.90000000000427,1.049
46.97267724698924,-64.80000000000427,1.049
46.3528047542151,-64.70000000000428,1.049
46.21462552397308,-64.60000000000429,1.049
46.96304656304062,-64.50000000000429,1.049
47.055148933309894,-64.4000000000043,1.049
46.39426763681005,-64.3000000000043,1.049
46.273998838380464,-64.20000000000431,1.049
47.131970761048734,-64.10000000000431,1.049
47.0637582717401,-64.00000000000432,1.049
46.768551043246156,-63.900000000004326,1.049
47.813928535109596,-63.80000000000433,1.049
46.99159740229764,-63.70000000000434,1.049
47.328958235277156,-63.60000000000434,1.049
46.76380910291575,-63.50000000000435,1.049
47.379767804854815,-63.400000000004354,1.049
47.41275382012708,-63.30000000000436,1.049
47.0737992976336,-63.200000000004366,1.049
46.59828326775596,-63.10000000000437,1.049
46.59828326775596,-63.00000000000438,1.049
46.59828326775596,-62.90000000000438,1.049
47.16687981098312,-62.80000000000439,1.048
47.844577692364446,-62.700000000004394,1.048
47.426639504982106,-62.6000000000044,1.048
47.235031508693964,-62.500000000004405,1.048
47.235031508693964,-62.40000000000441,1.048
47.931445938276696,-62.30000000000442,1.048
47.80935033061472,-62.20000000000442,1.048
46.909390775927555,-62.10000000000443,1.048
47.539050359236214,-62.000000000004434,1.048
47.3672295425552,-61.90000000000444,1.048
47.3672295425552,-61.800000000004445,1.048
47.206353174897416,-61.70000000000445,1.048
47.40589575105605,-61.60000000000446,1.048
47.41571748622141,-61.50000000000446,1.048
47.41571748622141,-61.40000000000447,1.048
47.24602281969911,-61.300000000004474,1.048
47.22871885359896,-61.20000000000448,1.048
47.22871885359896,-61.100000000004485,1.048
47.41849450660207,-61.00000000000449,1.048
48.15816662080474,-60.900000000004496,1.048
48.15588423686222,-60.8000000000045,1.048
48.34516538064615,-60.70000000000451,1.048
47.95666820114454,-60.60000000000451,1.048
47.37774087924912,-60.50000000000452,1.048
48.416458460887384,-60.400000000004525,1.048
48.02497076499698,-60.30000000000453,1.048
47.33793083940632,-60.200000000004536,1.048
47.33793083940632,-60.10000000000454,1.048
48.192146973470955,-60.00000000000455,1.048
47.548152586261565,-59.90000000000455,1.048
47.09936233282654,-59.80000000000456,1.048
47.46997277018892,-59.700000000004565,1.048
47.440113074160195,-59.60000000000457,1.048
47.440113074160195,-59.500000000004576,1.048
47.49830451511492,-59.40000000000458,1.048
48.455092777849416,-59.30000000000459,1.048
48.13189907720151,-59.20000000000459,1.048
48.22289241192287,-59.1000000000046,1.048
48.337647433940504,-59.000000000004604,1.048
47.757051043961596,-58.90000000000461,1.048
47.557096035394586,-58.800000000004616,1.048
47.557096035394586,-58.70000000000462,1.048
47.376653290119336,-58.60000000000463,1.048
48.02604254230982,-58.50000000000463,1.047
47.6434731952959,-58.40000000000464,1.047
47.6434731952959,-58.300000000004644,1.047
47.94532982978765,-58.20000000000465,1.047
47.65944900392536,-58.100000000004655,1.047
47.660641382843856,-58.00000000000466,1.047
47.599367111536964,-57.90000000000467,1.047
47.34999699921637,-57.80000000000467,1.047
48.49547863224201,-57.70000000000468,1.047
47.48548084570042,-57.600000000004684,1.047
47.874109862512256,-57.50000000000469,1.047
47.612914066821034,-57.400000000004695,1.047
47.671465436900746,-57.3000000000047,1.047
48.34116458275101,-57.20000000000471,1.047
48.34116458275101,-57.10000000000471,1.047
48.540310715114664,-57.00000000000472,1.047
48.95913976206751,-56.900000000004724,1.047
48.31275688547625,-56.80000000000473,1.047
48.78753026476075,-56.700000000004735,1.047
48.41775243874432,-56.60000000000474,1.047
48.639759127041245,-56.500000000004746,1.047
48.639759127041245,-56.40000000000475,1.047
48.70288657687034,-56.30000000000476,1.047
47.669934768783065,-56.20000000000476,1.047
48.895719639152915,-56.10000000000477,1.047
48.386607559182366,-56.000000000004775,1.047
48.20546587356548,-55.90000000000478,1.047
48.637946826248864,-55.800000000004786,1.047
47.64533054401138,-55.70000000000479,1.047
47.79940713571351,-55.6000000000048,1.047
48.77262670330764,-55.5000000000048,1.047
49.1128817433933,-55.40000000000481,1.047
48.09172519749732,-55.300000000004815,1.047
48.60414290104974,-55.20000000000482,1.047
47.716307700515955,-55.100000000004826,1.047
48.56869889382413,-55.00000000000483,1.047
48.49065636268812,-54.90000000000484,1.047
48.97329351034713,-54.80000000000484,1.047
49.03143775275395,-54.70000000000485,1.047
48.50647645277343,-54.600000000004854,1.047
48.36778255523594,-54.50000000000486,1.047
48.02804273380314,-54.400000000004866,1.047
48.01891170788164,-54.30000000000487,1.047
49.163954183641856,-54.20000000000488,1.046
48.65165391063286,-54.10000000000488,1.046
49.017970471070576,-54.00000000000489,1.046
48.07569439121936,-53.900000000004894,1.046
48.460853174624546,-53.8000000000049,1.046
48.58074855164486,-53.700000000004906,1.046
48.75239168899562,-53.60000000000491,1.046
48.755359422327224,-53.50000000000492,1.046
49.198456892143355,-53.40000000000492,1.046
49.196343800685895,-53.30000000000493,1.046
48.08523422958962,-53.200000000004934,1.046
49.09552510931772,-53.10000000000494,1.046
49.09552510931772,-53.000000000004945,1.046
48.533762675434915,-52.90000000000495,1.046
48.5265270343082,-52.80000000000496,1.046
47.93592874097178,-52.70000000000496,1.046
48.23576107468848,-52.60000000000497,1.046
48.05110642406003,-52.500000000004974,1.046
48.18976311924129,-52.40000000000498,1.046
48.62363575642832,-52.300000000004985,1.046
48.62363575642832,-52.20000000000499,1.046
49.07436433448878,-52.100000000005,1.046
49.07436433448878,-52.000000000005,1.046
48.68426880748719,-51.90000000000501,1.046
49.419133761500696,-51.800000000005014,1.046
49.419133761500696,-51.70000000000502,1.046
48.8185399130095,-51.600000000005025,1.046
48.67066753858201,-51.50000000000503,1.046
48.826583380013794,-51.400000000005036,1.046
48.484947463503964,-51.30000000000504,1.046
48.77833016633359,-51.20000000000505,1.046
49.294927417838394,-51.10000000000505,1.046
48.89744697731493,-51.00000000000506,1.046
48.97470064253668,-50.900000000005065,1.046
48.689923422014935,-50.80000000000507,1.046
48.49053407081571,-50.700000000005076,1.046
49.265782891804335,-50.60000000000508,1.046
48.540627390516285,-50.50000000000509,1.046
48.80158637163984,-50.40000000000509,1.046
49.40068364823681,-50.3000000000051,1.046
49.184063153499494,-50.200000000005105,1.046
49.184063153499494,-50.10000000000511,1.046
48.80312045282149,-50.000000000005116,1.046
48.80312045282149,-49.90000000000512,1.045
48.80312045282149,-49.80000000000513,1.045
48.38273991031677,-49.70000000000513,1.045
48.40998767541941,-49.60000000000514,1.045
49.33127055534226,-49.500000000005144,1.045
49.33543695846482,-49.40000000000515,1.045
48.958417528504114,-49.300000000005156,1.045
49.27273447962354,-49.20000000000516,1.045
49.277468526961464,-49.10000000000517,1.045
49.087926755352754,-49.00000000000517,1.045
49.18955978038599,-48.90000000000518,1.045
49.518372488003756,-48.800000000005184,1.045
49.587574069223095,-48.70000000000519,1.045
48.81672975965444,-48.600000000005195,1.045
48.9637921489281,-48.5000000000052,1.045
48.57879838095323,-48.40000000000521,1.045
48.745242847294406,-48.30000000000521,1.045
48.281096685076285,-48.20000000000522,1.045
48.33802236281966,-48.100000000005224,1.045
48.960235575077704,-48.00000000000523,1.045
48.843672297048386,-47.900000000005235,1.045
48.45991485430883,-47.80000000000524,1.045
49.661679148310995,-47.70000000000525,1.045
49.38303563155547,-47.60000000000525,1.045
49.446331244190816,-47.50000000000526,1.045
49.16734170383799,-47.400000000005264,1.045
48.663175568464936,-47.30000000000527,1.045
48.93469424237608,-47.200000000005275,1.045
49.03975644543748,-47.10000000000528,1.045
49.10046208241425,-47.000000000005286,1.045
49.12604899357942,-46.90000000000529,1.045
49.18073772402085,-46.8000000000053,1.045
48.71022378289207,-46.7000000000053,1.045
49.218656538103744,-46.60000000000531,1.045
48.98537847303792,-46.500000000005315,1.045
49.53049870236718,-46.40000000000532,1.045
49.51078741169498,-46.300000000005326,1.045
48.75388363794154,-46.20000000000533,1.045
48.95123945347125,-46.10000000000534,1.045
49.20092960770687,-46.00000000000534,1.045
49.452692426418565,-45.90000000000535,1.045
49.67896790396753,-45.800000000005355,1.045
49.656887513078836,-45.70000000000536,1.045
49.67183507034288,-45.600000000005366,1.045
48.51869786588211,-45.50000000000537,1.045
48.74468880928406,-45.40000000000538,1.044
48.74468880928406,-45.30000000000538,1.044
49.07968504049234,-45.20000000000539,1.044
49.07968504049234,-45.100000000005394,1.044
49.135042131872325,-45.0000000000054,1.044
49.34265515814968,-44.900000000005406,1.044
49.60738929466711,-44.80000000000541,1.044
49.77371476159175,-44.70000000000542,1.044
49.58646929068192,-44.60000000000542,1.044
49.26470302014601,-44.50000000000543,1.044
48.5231139574074,-44.400000000005434,1.044
48.42913230269068,-44.30000000000544,1.044
48.751924862768306,-44.200000000005446,1.044
48.401531821136466,-44.10000000000545,1.044
49.12620362748778,-44.00000000000546,1.044
49.46289195822183,-43.90000000000546,1.044
48.65086896580121,-43.80000000000547,1.044
48.95237269129077,-43.700000000005474,1.044
49.49491653569606,-43.60000000000548,1.044
49.38889925290346,-43.500000000005485,1.044
48.628447494208096,-43.40000000000549,1.044
49.27465420041409,-43.3000000000055,1.044
49.30240655869866,-43.2000000000055,1.044
49.141746766952025,-43.10000000000551,1.044
48.84718242436416,-43.000000000005514,1.044
49.629988449740296,-42.90000000000552,1.044
48.604870777459425,-42.800000000005525,1.044
48.73531905359181,-42.70000000000553,1.044
48.54368338857982,-42.60000000000554,1.044
48.83341323451229,-42.50000000000554,1.044
49.38120396997921,-42.40000000000555,1.044
48.55248645332483,-42.300000000005554,1.044
49.527537542462355,-42.20000000000556,1.044
49.52204137187911,-42.100000000005565,1.044
49.015213769992,-42.00000000000557,1.044
48.758951031396236,-41.900000000005576,1.044
48.79728883385272,-41.80000000000558,1.044
48.79728883385272,-41.70000000000559,1.044
49.757498143126035,-41.60000000000559,1.044
49.578834866420785,-41.5000000000056,1.044
49.63485686446356,-41.400000000005605,1.044
49.026650767330004,-41.30000000000561,1.044
48.72972051488672,-41.200000000005616,1.044
48.89895244523342,-41.10000000000562,1.044
48.49886700115454,-41.00000000000563,1.043
48.49886700115454,-40.90000000000563,1.043
48.523331026758484,-40.80000000000564,1.043
49.530042478020825,-40.700000000005645,1.043
48.6779262547272,-40.60000000000565,1.043
48.67792625472719,-40.500000000005656,1.043
48.43808938142291,-40.40000000000566,1.043
48.935354888820896,-40.30000000000567,1.043
48.690798548348155,-40.20000000000567,1.043
49.37774330893704,-40.10000000000568,1.043
49.083233732382325,-40.000000000005684,1.043
48.80432843555429,-39.90000000000569,1.043
48.80432843555429,-39.800000000005696,1.043
49.01988033211558,-39.7000000000057,1.043
49.190981969490025,-39.60000000000571,1.043
48.68851156068105,-39.50000000000571,1.043
48.71029784760542,-39.40000000000572,1.043
49.27076606125874,-39.300000000005724,1.043
49.120033613115034,-39.20000000000573,1.043
48.819019851799176,-39.100000000005736,1.043
49.6396375268712,-39.00000000000574,1.043
49.57289975108604,-38.90000000000575,1.043
48.571566390167156,-38.80000000000575,1.043
48.86082960353552,-38.70000000000576,1.043
48.84905059308416,-38.600000000005764,1.043
48.84549468524702,-38.50000000000577,1.043
49.03955731591065,-38.400000000005775,1.043
49.379429167752974,-38.30000000000578,1.043
49.777293419680475,-38.20000000000579,1.043
48.67301600654582,-38.10000000000579,1.043
48.57461123898316,-38.0000000000058,1.043
49.1812034523264,-37.900000000005804,1.043
48.59569648232676,-37.80000000000581,1.043
48.59569648232676,-37.700000000005815,1.043
49.27611746740405,-37.60000000000582,1.043
48.80568711026112,-37.50000000000583,1.043
48.55889257453111,-37.40000000000583,1.043
48.7427442787708,-37.30000000000584,1.043
49.46853846426471,-37.20000000000584,1.043
49.46853846426471,-37.10000000000585,1.043
49.48187755651499,-37.000000000005855,1.043
48.883437115198305,-36.90000000000586,1.043
49.233753523881695,-36.800000000005866,1.043
49.05070701885573,-36.70000000000587,1.043
49.1253244198507,-36.60000000000588,1.043
49.38697508645947,-36.50000000000588,1.043
49.0294325272217,-36.40000000000589,1.042
49.40028691646563,-36.300000000005895,1.042
49.40028691646563,-36.2000000000059,1.042
49.58672107350915,-36.100000000005906,1.042
48.39549420524045,-36.00000000000591,1.042
48.765238237137936,-35.90000000000592,1.042
48.765238237137936,-35.80000000000592,1.042
49.289835499447136,-35.70000000000593,1.042
48.742094701000724,-35.600000000005934,1.042
48.529399853948576,-35.50000000000594,1.042
48.44036604778242,-35.400000000005946,1.042
48.49389283661381,-35.30000000000595,1.042
48.593706753524046,-35.20000000000596,1.042
48.38169013647165,-35.10000000000596,1.042
49.38859861584323,-35.00000000000597,1.042
49.38859861584323,-34.900000000005974,1.042
48.45977723736487,-34.80000000000598,1.042
49.584065790469865,-34.700000000005986,1.042
48.42231975887009,-34.60000000000599,1.042
49.185361283760805,-34.500000000006,1.042
48.774492758474,-34.400000000006,1.042
48.66113762474252,-34.30000000000601,1.042
49.57106891904973,-34.200000000006014,1.042
49.568656608767355,-34.10000000000602,1.042
48.65456528012862,-34.000000000006025,1.042
49.541695351209256,-33.90000000000603,1.042
48.6828576726563,-33.80000000000604,1.042
48.6828576726563,-33.70000000000604,1.042
48.903355330339636,-33.60000000000605,1.042
49.51561397455444,-33.500000000006054,1.042
48.96457526004258,-33.40000000000606,1.042
48.7042279285355,-33.300000000006065,1.042
48.29277932750426,-33.20000000000607,1.042
48.5035550176246,-33.10000000000608,1.042
